CustomerID,FullName
CUST-1001, Emma Brown 
CUST-1002,Noah Smith
CUST-1003,Ava Brown
CUST-1004,Olivia Williams
CUST-1005,Olivia Johnson
CUST-1006, Liam Smith 
CUST-1007,Emma Johnson
CUST-1008, Oliver Smith 
CUST-1008,Oliver Smith
CUST-1010,Emma Brown
CUST-1011,Ava Williams
CUST-1012,Ava Brown
 CUST-1013 ,Noah Smith
CUST-1014,Emma Brown
CUST-1015,Emma Johnson
CUST-1016,Olivia Smith
CUST-1017,Oliver Brown
CUST-1018,Noah Williams
CUST-1019,Noah Williams
CUST-1020,Noah Williams
CUST-1021,Liam Johnson
CUST-1022,Noah Williams
CUST-1023, Liam Brown 
CUST-1024,Noah Williams
CUST-1025,Oliver Brown
CUST-1026,Ava Brown
CUST-1027,Emma Brown
CUST-1028,Noah Brown
CUST-1029,Liam Williams
CUST-1030, Ava Johnson 
CUST-1031,Ava Brown
CUST-1008,Ava Smith
CUST-1033,Noah Smith
CUST-1034,Ava Johnson
CUST-1035,Noah Williams
CUST-1036,Noah Williams
CUST-1037,Ava Brown
CUST-1039,Ava Brown
CUST-1040,Noah Williams
CUST-1041,Ava Brown
CUST-1042,Olivia Brown
CUST-1043,Liam Smith
CUST-1044,Liam Williams
CUST-1045,Ava Johnson
CUST-1046,Ava Brown
CUST-1047,Liam Brown
CUST-1048,Noah Williams
CUST-1049,Ava Smith
 CUST-1050 ,Liam Smith
CUST-1051,Noah Johnson
CUST-1052,Ava Johnson
CUST-1053,Oliver Brown
CUST-1054,Ava Smith
CUST-1055,Ava Brown
CUST-1056,Ava Smith
CUST-1057,Ava Williams
CUST-1058,Oliver Brown
CUST-1059,Emma Johnson
CUST-1060,Noah Smith
 CUST-1061 ,Ava Johnson
CUST-1062,Ava Williams
 CUST-1063 ,Liam Smith
CUST-1008,Olivia Williams
CUST-1065,Noah Williams
CUST-1066,Liam Williams
CUST-1067,Ava Johnson
CUST-1068,Ava Johnson
CUST-1069,Ava Williams
CUST-1070,Olivia Johnson
CUST-1071,Oliver Brown
CUST-1072,Oliver Smith
CUST-1008,Olivia Smith
CUST-1075,Emma Brown
CUST-1076,Liam Johnson
CUST-1077,Olivia Johnson
CUST-1078,Oliver Williams
CUST-1079,Liam Johnson
CUST-1080,Liam Smith
CUST-1081,Olivia Williams
CUST-1082,Olivia Johnson
CUST-1083,Ava Smith
CUST-1084,Ava Johnson
CUST-1085,Liam Johnson
CUST-1086,Emma Brown
CUST-1087,Ava Williams
CUST-1088,Liam Johnson
CUST-1090,Oliver Brown
CUST-1091,Noah Johnson
CUST-1092,Olivia Johnson
CUST-1093,Noah Johnson
CUST-1095,Ava Smith
CUST-1096,Liam Brown
CUST-1097, Oliver Smith 
CUST-1098,Liam Williams
CUST-1099,Oliver Williams
CUST-1100,Ava Smith
CUST-1101, Noah Smith 
CUST-1102,Ava Brown
CUST-1103,Ava Smith
CUST-1104,Ava Williams
CUST-1105,Emma Williams
CUST-1106,Noah Williams
CUST-1107, Ava Johnson 
CUST-1008,Ava Brown
 CUST-1109 ,Oliver Johnson
CUST-1110,Emma Williams
CUST-1111,Ava Brown
 CUST-1112 ,Liam Johnson
CUST-1113,Olivia Brown
CUST-1114,Liam Smith
CUST-1115,Liam Smith
CUST-1117,Ava Brown
 CUST-1118 ,Noah Johnson
CUST-1119,Ava Johnson
 CUST-1120 ,Ava Johnson
CUST-1121,Ava Brown
CUST-1122,Ava Brown
CUST-1123,Liam Smith
CUST-1124,Oliver Williams
CUST-1126,Oliver Brown
CUST-1127,Liam Brown
CUST-1128,Liam Smith
CUST-1129,Oliver Johnson
CUST-1130,Olivia Johnson
CUST-1131,Ava Johnson
CUST-1133,Oliver Johnson
CUST-1134,Emma Williams
CUST-1135, Emma Johnson 
CUST-1136,Liam Smith
CUST-1137,Liam Williams
CUST-1138,Olivia Brown
CUST-1139,Olivia Smith
CUST-1140,Ava Smith
CUST-1141,Olivia Brown
CUST-1142,Noah Williams
CUST-1143,Noah Johnson
CUST-1144, Noah Johnson 
CUST-1145,Oliver Brown
CUST-1146,Oliver Williams
CUST-1147,Noah Brown
CUST-1148,Olivia Smith
CUST-1149,Ava Brown
CUST-1150,Noah Johnson
CUST-1151,Ava Johnson
CUST-1152,Ava Brown
CUST-1153,Ava Smith
CUST-1154,Emma Brown
CUST-1155,Oliver Smith
CUST-1156,Olivia Williams
 CUST-1157 ,Oliver Williams
CUST-1158,Olivia Brown
CUST-1159,Ava Brown
CUST-1160,Ava Williams
CUST-1161,Oliver Brown
CUST-1162,Oliver Williams
CUST-1163,Olivia Brown
CUST-1164,Liam Smith
CUST-1165,Ava Williams
CUST-1166,Ava Williams
CUST-1167,Olivia Smith
CUST-1168,Oliver Smith
CUST-1169,Olivia Smith
CUST-1170,Ava Brown
CUST-1171,Ava Smith
CUST-1172,Olivia Williams
CUST-1173,Liam Smith
CUST-1174,Emma Williams
CUST-1175,Oliver Smith
CUST-1176,Olivia Brown
CUST-1178,Noah Johnson
CUST-1179,Noah Brown
CUST-1180,Olivia Brown
CUST-1181,Emma Williams
CUST-1182,Ava Brown
 CUST-1183 ,Emma Johnson
CUST-1184,Olivia Smith
CUST-1185,Oliver Brown
CUST-1186,Liam Johnson
CUST-1187,Emma Johnson
CUST-1188,Liam Johnson
CUST-1189,Ava Brown
CUST-1190,Emma Johnson
CUST-1191,Emma Smith
CUST-1192,Liam Brown
 CUST-1193 ,Ava Brown
CUST-1194,Ava Johnson
CUST-1195,Emma Williams
CUST-1008, Noah Williams 
CUST-1197,Emma Johnson
CUST-1198,Liam Williams
CUST-1199,Ava Brown
CUST-1200,Olivia Johnson
